Title,Link
Social Media Manager,https://remoteok.io/remote-jobs/remote-social-media-manager-caiz-1093342
Sales Development Representative,https://remoteok.io/remote-jobs/remote-sales-development-representative-colibri-group-1093321
Senior AI Marketing Video Editor,https://remoteok.io/remote-jobs/remote-senior-ai-marketing-video-editor-everai-1093304
Sales Development Representative Europe,https://remoteok.io/remote-jobs/remote-sales-development-representative-europe-hostaway-1093301
Sales Engineer EN,https://remoteok.io/remote-jobs/remote-sales-engineer-en-tameson-1093298
Social Media Manager,https://remoteok.io/remote-jobs/remote-social-media-manager-caiz-1093296
Video Editor and Content Creator,https://remoteok.io/remote-jobs/remote-video-editor-and-content-creator-ritual-1093277
Meta Ads Specialist,https://remoteok.io/remote-jobs/remote-meta-ads-specialist-97focus-1093265
DeFi Sales & Business Development Manager,https://remoteok.io/remote-jobs/remote-defi-sales-business-development-manager-helix-1093261
Frontend Software Engineer,https://remoteok.io/remote-jobs/remote-frontend-software-engineer-bitwise-asset-management-1093256
Wattpad Marketing Intern,https://remoteok.io/remote-jobs/remote-wattpad-marketing-intern-webtoon-entertainment-inc-wattpad-amp-webtoon-family-of-brands-1093255
SEO guest posting & outreach freelancer,https://remoteok.io/remote-jobs/remote-seo-guest-posting-outreach-freelancer-pagesection-com-1093254
Paid Media Designer,https://remoteok.io/remote-jobs/remote-paid-media-designer-flex-1093247
Project Manager,https://remoteok.io/remote-jobs/remote-project-manager-rainfocus-1093239
Graphic Designer Fully Position,https://remoteok.io/remote-jobs/remote-graphic-designer-fully-position-meeting-tomorrow-1093232
Frontend Software Engineer,https://remoteok.io/remote-jobs/remote-frontend-software-engineer-bitwise-asset-management-1093220
Software Engineer,https://remoteok.io/remote-jobs/remote-software-engineer-titan-1093216
Jr Business Analyst,https://remoteok.io/remote-jobs/remote-jr-business-analyst-healthcare-1093213
Member of Product Marketing Protocols,https://remoteok.io/remote-jobs/remote-member-of-product-marketing-protocols-anchorage-digital-1093197
Visual Designer,https://remoteok.io/remote-jobs/remote-visual-designer-pip-labs-1093190
